6fe4.pdb,0,F,NA,A,8.017728766960431
5w08.pdb,0,K,L,C,7.3979400086720375
2ny3.pdb,0,D,C,A,6.088842391260023
6h7o.pdb,0,D,NA,B,9.853871964321762
1nca.pdb,0,H,L,N,8.080921907623926
4ypg.pdb,0,H,L,D,10.356547323513812
5toj.pdb,0,E,NA,B,7.638272163982407
2vxs.pdb,0,J,N,D,8.67778070526608
2oqj.pdb,0,E,D,F,3.6989700043360187
4fqr.pdb,0,a,b,A,7.0
5y7z.pdb,0,D,NA,B,7.8124792791635365
2ny0.pdb,0,D,C,A,6.634512015109101
6ii9.pdb,0,H,L,A,7.712198270069774
4f9p.pdb,0,D,d,B,7.823908740944319
4j8r.pdb,0,B,A,I,7.698970004336019
5zia.pdb,0,G,L,R,6.522878745280337
2r56.pdb,0,I,M,B,8.886056647693163
1g6v.pdb,0,K,NA,A,7.142667503568732
2qhr.pdb,0,H,L,P,7.3872161432802645
4lmq.pdb,0,E,I,F,9.034798298974088
5nqw.pdb,0,C,NA,B,8.853871964321762
5mi0.pdb,0,B,C,A,6.3872161432802645
1vfb.pdb,0,B,A,C,8.431798275933005
2p42.pdb,0,D,NA,C,7.638272163982407
3hi6.pdb,0,H,L,A,5.327902142064283
1oau.pdb,0,J,N,J,7.698970004336019
4ypg.pdb,0,B,A,C,10.356547323513812
3q3g.pdb,0,K,J,L,8.303643611266669
3t0w.pdb,0,NA,A,A,7.301029995663981
5drz.pdb,0,H,L,P,8.356547323513812
2vwe.pdb,0,E,C,A,9.943095148663527
1q72.pdb,0,H,L,H,6.853871964321762
3idy.pdb,0,H,L,G,8.393618634889394
1mh5.pdb,0,H,L,H,9.214670164989233
5m2m.pdb,0,J,NA,I,8.823908740944319
2x89.pdb,0,A,NA,D,7.356547323513813
1zea.pdb,0,H,L,A,5.221848749616356
3dvn.pdb,0,B,A,Y | X,7.036212172654444
4kro.pdb,0,B,NA,A,6.559090917934782
5a2i.pdb,0,H,h,P,5.055517327849832
3eob.pdb,0,H,L,I,8.657577319177793
2h9g.pdb,0,H,L,S,8.301029995663981
1sy6.pdb,0,H,L,A,5.5638373529592435
5xmh.pdb,0,H,L,A,3.7958800173440754
5tkj.pdb,0,J,K,L,8.145693958198919
3etb.pdb,0,I,i,M,10.455931955649724
5drz.pdb,0,B,A,Q,8.356547323513812
3ifp.pdb,0,E,F,S,7.610833915635467
5myk.pdb,0,B,A,C,9.00436480540245
2ntf.pdb,0,H,L,H,6.522878745280337
4xgz.pdb,0,C,D,c,7.619788758288394
6bf4.pdb,0,B,C,A,6.749579997691106
4dn4.pdb,0,H,L,M,10.42021640338319
4fqr.pdb,0,w,x,W,7.0
5ip4.pdb,0,A,NA,E,6.345823458122039
5toj.pdb,0,F,NA,C,7.638272163982407
4yhp.pdb,0,H,L,P,8.698970004336019
5mev.pdb,0,H,L,A,7.0
4mhj.pdb,0,K,J,G,9.0
4f9l.pdb,0,d,D,A,7.180456064458132
5u7o.pdb,0,H,L,G,7.136677139879544
3uc0.pdb,0,I,M,B,8.886056647693163
5c0s.pdb,0,H,L,A,8.113509274827518
3iu3.pdb,0,A,B,K,9.853871964321762
1kxq.pdb,0,G,NA,B,8.455931955649724
4khx.pdb,0,H,L,A,8.3767507096021
1ngw.pdb,0,B,A,B,7.684029654543083
4m5z.pdb,0,H,L,A,8.301029995663981
1jps.pdb,0,H,L,T,10.0
2fjg.pdb,0,H,L,W,7.698970004336019
4hj0.pdb,0,C,D,B,7.638272163982407
4f3f.pdb,0,B,A,C,9.142667503568731
5nh3.pdb,0,I,M,B,9.011887159731648
3fku.pdb,0,U,u,H | G,9.886056647693163
2z92.pdb,0,A,B,A,7.954677021213342
4x7f.pdb,0,D,NA,B,7.552841968657781
4yhp.pdb,0,E,F,,8.698970004336019
4zs6.pdb,0,C,D,B,6.505845405981558
1n7m.pdb,0,L,H,L,5.707743928643524
3ogo.pdb,0,G,NA,B,8.853871964321762
4z5r.pdb,0,W,V,F,10.744727494896694
6bit.pdb,0,J,L,G,8.585026652029182
5kov.pdb,0,C,c,A,8.7281583934635
2qr0.pdb,0,R,Q,P,8.10790539730952
5bo1.pdb,0,I,M,A,9.102372908709558
4n8c.pdb,0,H,L,X,9.397940008672037
5u8q.pdb,0,H,L,A,5.619788758288394
1dbb.pdb,0,H,L,H,9.0
6bli.pdb,0,D,E,F,9.2839966563652
3sqo.pdb,0,H,L,A,11.301029995663981
5dmi.pdb,0,H,L,A,9.040958607678906
4m8q.pdb,0,A,B,S,8.402304814074487
4kxz.pdb,0,N,M,E,8.522878745280337
6h06.pdb,0,E,F,J,5.251811972993799
4cmh.pdb,0,B,C,A,9.698970004336019
5vm0.pdb,0,B,NA,B,8.795880017344075
3ikc.pdb,0,B,A,B,7.455931955649724
5o2u.pdb,0,D,NA,C,9.161150909262744
5aaw.pdb,0,K,k,L,8.364516253185087
3eoa.pdb,0,H,L,I,8.657577319177793
4m1g.pdb,0,H,L,B | A,7.841637507904751
6mu3.pdb,0,H,L,H,6.154901959985743
4xi5.pdb,0,D,C,B | A,9.309803919971486
5dwu.pdb,0,H,L,A | B,7.309803919971486
3n85.pdb,0,H,L,A,9.102372908709558
3uaj.pdb,0,C,D,B,8.537602002101044
5i5k.pdb,0,X,Y,A,10.75448733218585
2nyy.pdb,0,D,C,A,11.605548319173783
3eo1.pdb,0,H,G,I,9.602059991327963
5boz.pdb,0,I,NA,C,9.154901959985743
6bb4.pdb,0,I,M,Q,7.8124792791635365
5kzp.pdb,0,F,J,C,7.154901959985743
5icx.pdb,0,B,A,,6.958607314841775
4iof.pdb,0,E,F,B,8.397940008672037
2hkf.pdb,0,H,L,P,6.508638306165727
5n88.pdb,0,A,NA,D,5.99439055463972
6azk.pdb,0,B,A,,5.638272163982407
5kzp.pdb,0,H,L,A,7.154901959985743
5dyo.pdb,0,H,L,A,10.214670164989233
1dzb.pdb,0,A,a,X,6.2839966563652006
5alb.pdb,0,H,L,L,10.707743928643524
5hgg.pdb,0,T,NA,A,10.267606240177031
5hys.pdb,0,A,B,G,10.410050398674292
5m63.pdb,0,H,L,L,6.958607314841775
5xxy.pdb,0,H,L,A,8.001740661576301
2vis.pdb,0,B,A,C,5.3979400086720375
4nm8.pdb,0,H,L,B | A,8.602059991327963
4aei.pdb,0,H,L,A,9.096910013008056
2y06.pdb,0,H,L,P,6.096910013008056
1igj.pdb,0,D,C,D,10.379863945026242
1ob1.pdb,0,B,A,C,9.698970004336019
5mes.pdb,0,H,L,A,6.468521082957745
4kv5.pdb,0,J,I,B,8.769551078621726
5e7f.pdb,0,B,NA,H,8.040958607678906
5m2m.pdb,0,H,NA,G,8.823908740944319
5esq.pdb,0,B,A,,5.795880017344075
5d1q.pdb,0,B,A,E,10.886056647693163
3nfp.pdb,0,H,L,I,9.568636235841012
4jan.pdb,0,A,B,I,7.698970004336019
5o0w.pdb,0,H,NA,D,10.131767131577535
5fv2.pdb,0,A,NA,X,11.1444808443322
2vxs.pdb,0,K,O,C,8.67778070526608
3hzm.pdb,0,B,A,B,5.522878745280337
3g5y.pdb,0,B,A,E,6.812479279163537
1f90.pdb,0,H,L,E,7.924453038607469
6ii8.pdb,0,J,K,E,6.413412695328245
2r23.pdb,0,B,A,B,3.721246399047171
4mhh.pdb,0,H,L,E,9.045757490560675
4z5r.pdb,0,Z,Y,X,10.744727494896694
1d6v.pdb,0,H,L,H,6.173925197299173
3dvn.pdb,0,H,L,V | U,7.036212172654444
5t6p.pdb,0,D,C,E,6.055517327849832
5tfw.pdb,0,H,L,O,10.785156151952302
1uwx.pdb,0,H,L,P,5.795880017344075
3gm0.pdb,0,a,A,A,7.769551078621726
2jix.pdb,0,H,L,E,7.522878745280337
2r0z.pdb,0,H,L,Q,5.468521082957745
4d9r.pdb,0,H,L,A,11.397940008672037
3lrh.pdb,0,NA,G,H,7.346787486224656
3hae.pdb,0,H,L,A | C,7.337242168318426
5t1l.pdb,0,D,C,,6.619788758288394
5xwd.pdb,0,H,D,A,8.229147988357855
5t29.pdb,0,H,L,O,9.421360790031928
1ind.pdb,0,H,L,H,9.602059991327963
3b2u.pdb,0,F,G,E,9.0
3c09.pdb,0,H,L,D,7.366531544420414
3nh7.pdb,0,K,O,D,7.698970004336019
5boz.pdb,0,G,NA,A,9.154901959985743
3etb.pdb,0,F,f,J,10.455931955649724
6b3s.pdb,0,J,K,I,7.920818753952375
2a6k.pdb,0,H,L,P,6.6777807052660805
3lrh.pdb,0,NA,A,B,7.346787486224656
4etq.pdb,0,H,L,C,9.744727494896694
1f4x.pdb,0,H,L,H,5.591760034688151
6bf4.pdb,0,H,L,G,6.749579997691106
5tz2.pdb,0,H,L,C,8.950781977329818
3mac.pdb,0,H,L,A,6.698970004336019
5yoy.pdb,0,P,M,K,10.744727494896694
3h42.pdb,0,H,L,B | A,11.397940008672037
1hez.pdb,0,D,C,E,6.838631997765025
1jgl.pdb,0,H,L,L,8.698970004336019
5eoc.pdb,0,J,M,Q,7.518557371497695
1zv5.pdb,0,A,NA,L,8.0
4gxu.pdb,0,M,N,A,8.204815410317575
6h06.pdb,0,H,L,I,5.251811972993799
4f9l.pdb,0,c,C,B,7.180456064458132
3gjf.pdb,0,H,L,A | C,7.200659450546419
4am0.pdb,0,C,D,T,9.3767507096021
4mhj.pdb,0,H,L,A,9.0
4aei.pdb,0,I,M,B,9.096910013008056
6cmg.pdb,0,C,B,A,7.562249437179612
4odx.pdb,0,H,B,X,8.686132779630846
2fx8.pdb,0,J,N,R,6.519993057042849
4onf.pdb,0,H,L,P,8.920818753952375
4jpk.pdb,0,H,L,A,7.356547323513812
6mhr.pdb,0,A,B,C,7.657577319177793
2i60.pdb,0,H,L,G,8.204815410317575
3ijh.pdb,0,B,A,B,4.0
6cdp.pdb,0,A,B,C,8.785156151952302
1mlc.pdb,0,B,A,E,7.040958607678906
1ngw.pdb,0,H,L,H,7.684029654543083
2ny1.pdb,0,D,C,A,6.694648630553377
5imm.pdb,0,B,NA,A,8.455931955649724
3t0x.pdb,0,NA,A,A,8.0
4wht.pdb,0,A,B,a,8.102372908709558
4yk4.pdb,0,C,B,A,6.438898616350944
4i2x.pdb,0,D,C,F,5.920818753952375
4z9k.pdb,0,B,NA,A,8.657577319177793
4uil.pdb,0,H,L,H,7.236572006437063
3l5w.pdb,0,B,A,J,10.267606240177031
5ywy.pdb,0,H,L,A,7.229147988357855
5w08.pdb,0,I,J,B,7.3979400086720375
5aaw.pdb,0,D,d,E,8.364516253185087
3t2n.pdb,0,H,L,A,7.400116927926312
5yoy.pdb,0,Q,N,L,10.744727494896694
6mub.pdb,0,M,K,M,7.0
5vzy.pdb,0,H,L,A,8.494850021680094
2fjg.pdb,0,B,A,V,7.698970004336019
2jb6.pdb,0,B,A,B,10.958607314841775
5vob.pdb,0,H,L,D | B,9.823908740944319
5hyq.pdb,0,B,A,,6.823908740944319
2r1w.pdb,0,B,A,B,4.6020599913279625
1kxt.pdb,0,B,NA,A,6.628932137728264
4gxu.pdb,0,W,X,K,8.204815410317575
3lrh.pdb,0,NA,O,P,7.346787486224656
1pz5.pdb,0,B,A,C,5.3979400086720375
3p0y.pdb,0,H,L,A,8.71669877129645
4gxu.pdb,0,U,V,I,8.204815410317575
6ani.pdb,0,I,M,,8.10790539730952
5tzt.pdb,0,H,L,C,8.542118103266008
5my6.pdb,0,B,NA,A,8.399027104313252
1e6j.pdb,0,H,L,P,7.5376020021010435
4u6h.pdb,0,A,B,E,10.040958607678906
4leo.pdb,0,A,B,C,9.301029995663981
1w72.pdb,0,I,M,D | F,7.853871964321762
6b3s.pdb,0,C,D,B,7.920818753952375
2oqj.pdb,0,B,A,C,3.6989700043360187
6a0z.pdb,0,H,L,A,7.275724130399211
6au5.pdb,0,D,C,,5.568636235841013
6e63.pdb,0,H,L,P,8.431798275933005
3ve0.pdb,0,A,B,J | J | I,5.7121982700697735
4pgj.pdb,0,A,NA,B,7.585026652029182
5xj3.pdb,0,J,K,L,7.739928612014925
4wv1.pdb,0,B,A,C,8.585026652029182
5wi9.pdb,0,H,L,A,10.065501548756432
3qxt.pdb,0,B,NA,B,5.221848749616356
6flb.pdb,0,H,L,G,9.0
2vyr.pdb,0,E,NA,A,7.356547323513813
1nl0.pdb,0,H,L,G,8.795880017344075
3lhp.pdb,0,H,L,S,11.1249387366083
4kv5.pdb,0,G,K,D,8.769551078621726
5icy.pdb,0,D,C,,5.060480747381382
4x7s.pdb,0,H,L,,8.0
5gzo.pdb,0,C,D,B,6.786216700664696
3lqa.pdb,0,H,L,G | C,5.795880017344075
6e63.pdb,0,B,C,A,8.431798275933005
3lh2.pdb,0,K,O,V,8.2518119729938
3b2u.pdb,0,T,U,S,9.0
5anm.pdb,0,H,L,F,11.709965388637482
5zxv.pdb,0,C,D,B,7.239577516576788
6ii8.pdb,0,H,L,C,6.413412695328245
2vyr.pdb,0,G,NA,C,7.356547323513813
5boz.pdb,0,J,NA,D,9.154901959985743
2aep.pdb,0,H,L,A,7.920818753952375
5zia.pdb,0,O,P,Q,6.522878745280337
2i5y.pdb,0,R,Q,P,8.568636235841012
4why.pdb,0,M,N,B,8.102372908709558
3rkd.pdb,0,D,C,B,8.229884705212898
3ifp.pdb,0,C,D,R,7.610833915635467
5f3b.pdb,0,E,F,D,11.522878745280337
1flr.pdb,0,H,L,L,9.301029995663981
4iof.pdb,0,C,D,A,8.397940008672037
1oau.pdb,0,H,L,H,7.698970004336019
6bb4.pdb,0,J,N,R,7.8124792791635365
3kdm.pdb,0,H,L,H,7.0
3h3p.pdb,0,I,M,T,7.853871964321762
5dmj.pdb,0,E,NA,D,8.275724130399212
6h0e.pdb,0,C,D,G,6.619788758288394
1fl3.pdb,0,A,B,A,6.795880017344075
2fl5.pdb,0,H,L,H,8.744727494896694
6b5r.pdb,0,H,L,A,8.772113295386326
4g6f.pdb,0,H,L,P,7.769551078621726
3uaj.pdb,0,H,L,A,8.537602002101044
3nh7.pdb,0,H,L,A,7.698970004336019
4wuu.pdb,0,E,D,A | C,7.87942606879415
1tet.pdb,0,H,L,P,6.080921907623926
5fv2.pdb,0,B,NA,V,11.1444808443322
3p9w.pdb,0,F,NA,E,7.795880017344075
1c12.pdb,0,B,A,A,8.721246399047171
4h88.pdb,0,H,L,A,8.537602002101044
2cmr.pdb,0,H,L,A,10.301029995663981
4jzj.pdb,0,H,L,C,8.397940008672037
1dee.pdb,0,B,A,,6.3979400086720375
1bj1.pdb,0,H,L,W,8.468521082957745
5t1l.pdb,0,B,A,,6.619788758288394
3nfp.pdb,0,A,B,K,9.568636235841012
2a6k.pdb,0,B,A,,6.6777807052660805
5j57.pdb,0,B,NA,A,10.698970004336019
1mhh.pdb,0,D,C,,9.0
4k3h.pdb,0,NA,E,E,6.853871964321762
3e8u.pdb,0,H,L,P,9.698970004336019
4idj.pdb,0,H,L,A,11.769551078621726
5a2j.pdb,0,H,h,P,5.853871964321762
5ikc.pdb,0,B,A,M,7.568636235841013
4p59.pdb,0,H,L,A,10.494850021680094
3kr3.pdb,0,H,L,D,10.309803919971486
5t5b.pdb,0,A,B,O,9.910094888560602
6b3s.pdb,0,F,G,E,7.920818753952375
4nm8.pdb,0,J,N,F | E,8.602059991327963
5gkr.pdb,0,A,B,T,8.336299074610352
2jb6.pdb,0,H,L,H,10.958607314841775
5gzo.pdb,0,H,L,A,6.786216700664696
6bck.pdb,0,H,L,G,9.065501548756432
2xzq.pdb,0,H,L,P,6.585026652029182
4qti.pdb,0,H,L,U,7.764471553092451
3qxt.pdb,0,A,NA,A,5.221848749616356
2fx9.pdb,0,H,L,P,7.769551078621726
5zia.pdb,0,A,B,C,6.522878745280337
3ggw.pdb,0,B,A,E,5.5376020021010435
4dkf.pdb,0,H,L,A,8.508638306165727
3qwo.pdb,0,H,L,P,7.060480747381382
4gms.pdb,0,J,N,E,7.698970004336019
4xgz.pdb,0,A,B,a,7.619788758288394
6and.pdb,0,H,L,,8.10790539730952
5vyf.pdb,0,B,A,C,9.7281583934635
5dmj.pdb,0,G,NA,F,8.275724130399212
5kov.pdb,0,K,k,H,8.7281583934635
5tkj.pdb,0,A,B,C,8.145693958198919
5kn5.pdb,0,D,E,F,9.991399828238082
5zia.pdb,0,D,E,F,6.522878745280337
4fqv.pdb,0,J,N,D | C,8.958607314841775
2c1p.pdb,0,B,A,B,5.3979400086720375
6cwt.pdb,0,C,D,F,11.698970004336019
4hkx.pdb,0,A,B,E,6.443697499232713
2vyr.pdb,0,I,NA,,7.356547323513813
5sx4.pdb,0,H,L,N,9.468521082957745
3dvg.pdb,0,B,A,Y | X,8.060480747381382
1i8i.pdb,0,B,A,C,7.657577319177793
1i8k.pdb,0,B,A,C,7.657577319177793
1oau.pdb,0,K,NA,,7.698970004336019
6ana.pdb,0,H,L,,8.045757490560675
2a6i.pdb,0,B,A,P,6.920818753952375
1aj7.pdb,0,H,L,H,3.869666231504994
4fqr.pdb,0,m,n,M,7.0
6fe4.pdb,0,I,NA,D,8.017728766960431
2zpk.pdb,0,I,M,Q,5.8326826652518236
4rdq.pdb,0,G,F,E,7.823908740944319
2pcp.pdb,0,D,C,C,8.698970004336019
5czx.pdb,0,H,L,A,9.221848749616356
4ala.pdb,0,H,L,C,9.327902142064282
5tkj.pdb,0,G,H,I,8.145693958198919
4x7d.pdb,0,C,NA,B,8.455931955649724
4g3y.pdb,0,H,L,C,8.060480747381382
4kv5.pdb,0,H,L,A,8.769551078621726
1s3k.pdb,0,H,L,H,6.619788758288394
6blh.pdb,0,H,L,G,8.387216143280265
3eo1.pdb,0,K,J,L,9.602059991327963
6h7n.pdb,0,D,NA,B,8.455931955649724
5wux.pdb,0,C,D,G,10.562249437179613
4eiz.pdb,0,C,NA,B,8.522878745280337
2wub.pdb,0,R,Q,C,6.823908740944319
3hae.pdb,0,O,N,J | M,7.337242168318426
1n64.pdb,0,H,L,P,8.886056647693163
4dgi.pdb,0,H,L,A,6.346787486224656
5zxv.pdb,0,H,L,A,7.239577516576788
2or9.pdb,0,I,M,P,6.301029995663981
1nby.pdb,0,B,A,C,4.041436116778033
6d01.pdb,0,G,H,J,6.543633966870957
5grj.pdb,0,H,L,A,10.37571790416433
2fx8.pdb,0,I,M,Q,6.519993057042849
4mhh.pdb,0,G,I,C,9.045757490560675
5igx.pdb,0,H,L,G,6.148130399270234
1hh6.pdb,0,B,A,C,7.0
1etz.pdb,0,B,A,B,7.136677139879544
5csz.pdb,0,H,L,D,7.769551078621726
2y07.pdb,0,H,L,P,6.221848749616356
4x7d.pdb,0,D,NA,A,8.455931955649724
2pcp.pdb,0,B,A,B,8.698970004336019
2oqj.pdb,0,H,G,I,3.6989700043360187
2yk1.pdb,0,H,L,H,8.130768280269024
6b08.pdb,0,C,B,A,7.795880017344075
3etb.pdb,0,H,h,L,10.455931955649724
1qyg.pdb,0,H,L,H,6.853871964321762
1za3.pdb,0,H,L,R,7.468521082957745
4ris.pdb,0,H,L,P,6.045757490560675
1fe8.pdb,0,H,L,A,5.698970004336019
4jg0.pdb,0,H,L,P,6.764471553092451
6mnf.pdb,0,M,K,M,5.886056647693163
6bli.pdb,0,A,B,C,9.2839966563652
4u6v.pdb,0,K,M,B,11.0
4rdq.pdb,0,O,N,D,7.823908740944319
3eo1.pdb,0,E,D,F,9.602059991327963
4m1d.pdb,0,I,M,Q,7.638272163982407
3nh7.pdb,0,J,N,C,7.698970004336019
1oay.pdb,0,J,N,J,5.920818753952375
4pou.pdb,0,B,NA,A,6.804100347590766
2jix.pdb,0,F,A,C | B,7.522878745280337
3w2d.pdb,0,H,L,A,9.237546517636453
4fqi.pdb,0,H,L,B | A,9.045757490560675
1op9.pdb,0,A,NA,B,9.154901959985743
3lrh.pdb,0,NA,C,D,7.346787486224656
4gxu.pdb,0,S,T,G,8.204815410317575
4jn2.pdb,0,H,L,L,11.67778070526608
5hhx.pdb,0,H,L,A,8.210419287835574
5c0n.pdb,0,C,D,B,5.384049948343599
4krp.pdb,0,B,NA,A,6.779891911959945
2xqb.pdb,0,H,L,A,10.2839966563652
5toj.pdb,0,D,NA,A,7.638272163982407
5csz.pdb,0,A,B,E,7.769551078621726
4k3h.pdb,0,NA,C,D,6.853871964321762
5wt9.pdb,0,H,L,G,8.838631997765026
6ayn.pdb,0,B,A,,5.036212172654444
3fku.pdb,0,T,t,L | K,9.886056647693163
6ii9.pdb,0,P,Q,E,7.712198270069774
4gw1.pdb,0,D,C,,6.366531544420414
4k9e.pdb,0,H,L,C,11.193820026016112
3b2u.pdb,0,Q,R,P,9.0
3eyu.pdb,0,H,L,Q,7.619788758288394
5ush.pdb,0,D,E,A,8.823908740944319
5yoy.pdb,0,H,E,C,10.744727494896694
1mlc.pdb,0,D,C,F,7.040958607678906
3uyp.pdb,0,A,a,B,5.3872161432802645
2qr0.pdb,0,L,K,I,8.10790539730952
4g6j.pdb,0,H,L,A,8.387216143280265
5usl.pdb,0,H,L,X,10.795880017344075
2fjh.pdb,0,B,A,W,8.42021640338319
4am0.pdb,0,H,L,R,9.3767507096021
5w08.pdb,0,O,P,E,7.3979400086720375
5utz.pdb,0,F,G,E,8.726073219899474
6db9.pdb,0,H,L,R,6.149966742310231
4dke.pdb,0,I,M,B,9.920818753952375
4ybl.pdb,0,B,C,A,9.769551078621726
4xh2.pdb,0,G,I,g,8.221848749616356
4x7e.pdb,0,C,NA,A,8.154901959985743
4jan.pdb,0,H,L,G,7.698970004336019
3mxw.pdb,0,H,L,A,9.154901959985743
1zvy.pdb,0,A,NA,B,10.0
1kxq.pdb,0,F,NA,C,8.455931955649724
1p4b.pdb,0,H,L,P,10.397940008672037
5czx.pdb,0,C,D,B,9.221848749616356
2oqj.pdb,0,K,J,L,3.6989700043360187
2g2r.pdb,0,H,L,L,7.886056647693163
4kxz.pdb,0,Q,P,D,8.522878745280337
5anm.pdb,0,D,C,E,11.709965388637482
6mi2.pdb,0,D,E,F,7.161150909262744
1kxv.pdb,0,C,NA,A,7.6020599913279625
3bgf.pdb,0,H,L,S,7.585026652029182
3ifl.pdb,0,H,L,P,8.075720713938118
4k3h.pdb,0,NA,B,A,6.853871964321762
5o0w.pdb,0,G,NA,C,10.131767131577535
2zpk.pdb,0,H,L,P,5.8326826652518236
4py8.pdb,0,I,J,B | A,9.0
1fl6.pdb,0,H,L,H,4.6020599913279625
1hez.pdb,0,B,A,E,6.838631997765025
3p0g.pdb,0,B,NA,A,10.075720713938118
5iop.pdb,0,B,A,,4.5376020021010435
5c7x.pdb,0,H,L,A,12.397940008672037
6df2.pdb,0,H,L,D,7.242603971206976
3eyf.pdb,0,B,A,E,7.026872146400302
1hh9.pdb,0,B,A,C,5.0
5j56.pdb,0,B,NA,A,8.494850021680094
5aaw.pdb,0,H,h,I,8.364516253185087
2p46.pdb,0,B,NA,A,6.935542010773082
5wi9.pdb,0,F,E,B,10.065501548756432
3a6c.pdb,0,H,L,Y,8.146301788223825
1fl6.pdb,0,B,A,B,4.6020599913279625
1kxt.pdb,0,F,NA,E,6.628932137728264
3q3g.pdb,0,D,C,G,8.303643611266669
4jzj.pdb,0,A,B,D,8.397940008672037
6ii9.pdb,0,M,N,C,7.712198270069774
2vyr.pdb,0,K,NA,,7.356547323513813
5kvf.pdb,0,H,L,E,7.494850021680094
4kfz.pdb,0,D,NA,B,7.026872146400302
5e8d.pdb,0,H,L,A,8.187086643357144
5ush.pdb,0,H,L,X,8.823908740944319
3t0w.pdb,0,NA,B,A,7.301029995663981
4fqy.pdb,0,H,L,B | A,8.657577319177793
5id0.pdb,0,D,C,,5.769551078621726
3fku.pdb,0,X,x,F | E,9.886056647693163
5i5k.pdb,0,H,L,B,10.75448733218585
4mhj.pdb,0,W,V,S,9.0
3ixt.pdb,0,H,L,P,6.617982957425132
3eo1.pdb,0,B,A,C,9.602059991327963
6bb4.pdb,0,H,L,P,7.8124792791635365
2fjh.pdb,0,H,L,V,8.42021640338319
2w9e.pdb,0,H,L,A,10.0
1zmy.pdb,0,A,NA,L,7.2839966563652006
2fr4.pdb,0,H,L,N,5.3979400086720375
6eyo.pdb,0,H,L,A,10.698970004336019
3ifp.pdb,0,H,L,P,7.610833915635467
2hfg.pdb,0,H,L,R,9.221848749616356
3idy.pdb,0,B,C,A,8.393618634889394
4fqr.pdb,0,e,f,E,7.0
2vxs.pdb,0,H,L,B,8.67778070526608
5fcu.pdb,0,H,L,G,8.221848749616356
2b2x.pdb,0,H,L,A,8.76447155309245
5o0w.pdb,0,F,NA,B,10.131767131577535
4wht.pdb,0,G,H,g,8.102372908709558
4hjj.pdb,0,H,NA,A,9.795880017344075
3etb.pdb,0,G,g,K,10.455931955649724
3i02.pdb,0,B,A,A,7.522878745280337
5wux.pdb,0,A,B,F,10.562249437179613
2j6e.pdb,0,I,M,B,6.221848749616356
4hlz.pdb,0,I,J,D | C,8.698970004336019
6a67.pdb,0,C,D,B,8.998266287190999
2mpa.pdb,0,H,L,P,8.040958607678906
1m7d.pdb,0,B,A,A,6.229147988357856
3l5x.pdb,0,H,L,A,9.570247719997592
2r1y.pdb,0,B,A,B,4.508638306165727
4fqr.pdb,0,s,t,S,7.0
5xj4.pdb,0,H,L,A,9.175874166083451
1y0l.pdb,0,H,L,H,9.0
4xgz.pdb,0,G,I,g,7.619788758288394
2vxq.pdb,0,H,L,A,9.958607314841775
4j8r.pdb,0,D,C,J,7.698970004336019
1jrh.pdb,0,H,L,I,7.847711655616943
6b3k.pdb,0,H,L,R,6.920818753952375
5omn.pdb,0,C,NA,B,8.022276394711152
5wtt.pdb,0,A,B,C,6.6020599913279625
4k3h.pdb,0,NA,F,E,6.853871964321762
4zff.pdb,0,A,B,C,8.301029995663981
2j5l.pdb,0,C,B,A,7.113509274827518
3lhp.pdb,0,I,M,T,11.1249387366083
5aaw.pdb,0,B,b,J,8.364516253185087
2vxs.pdb,0,I,M,A,8.67778070526608
3hi6.pdb,0,X,Y,B,5.327902142064283
1mjj.pdb,0,H,L,H,8.73754891026957
5w1m.pdb,0,D,C,T,7.787812395596042
4r2g.pdb,0,N,M,A,7.468521082957745
6b0g.pdb,0,D,C,E,7.508638306165727
3eyf.pdb,0,D,C,F,7.026872146400302
5czv.pdb,0,H,L,A,9.522878745280337
4jfz.pdb,0,H,L,P,7.1487416512809245
2qr0.pdb,0,T,S,U,8.10790539730952
5j74.pdb,0,B,b,b,8.721246399047171
4gxu.pdb,0,Q,R,E,8.204815410317575
3h3p.pdb,0,H,L,S,7.853871964321762
1kxv.pdb,0,D,NA,B,7.6020599913279625
3o6m.pdb,0,H,L,C,7.481486060122113
1dqj.pdb,0,B,A,C,8.543633966870956
4gxu.pdb,0,O,P,C,8.204815410317575
4g6f.pdb,0,B,D,F,7.769551078621726
4fqr.pdb,0,q,r,Q,7.0
3lrh.pdb,0,NA,I,J,7.346787486224656
6b14.pdb,0,H,L,R,8.301029995663981
5te6.pdb,0,H,L,G,8.586700235918748
2fl5.pdb,0,F,E,F,8.744727494896694
4z5r.pdb,0,B,A,N,10.744727494896694
5omm.pdb,0,C,NA,A | B,7.982966660701219
6h06.pdb,0,C,D,G,5.251811972993799
4zfo.pdb,0,H,L,K,10.67778070526608
6e62.pdb,0,H,L,P,8.494850021680094
5hvg.pdb,0,B,NA,A,9.200659450546418
2jel.pdb,0,H,L,P,8.431798275933005
4rdq.pdb,0,M,L,C,7.823908740944319
2qr0.pdb,0,B,A,D,8.10790539730952
5kve.pdb,0,H,L,E,7.455931955649724
5usl.pdb,0,B,C,A,10.795880017344075
1nsn.pdb,0,H,L,S,10.0
3eys.pdb,0,H,L,Q,5.522878745280337
4jfx.pdb,0,B,A,,6.443697499232712
2r0l.pdb,0,H,L,A,7.835647144215563
2qr0.pdb,0,F,E,C,8.10790539730952
2nxz.pdb,0,D,C,A,6.276544327964814
3ijy.pdb,0,B,A,B,6.040958607678906
6ddr.pdb,0,B,A,C,9.0268721464003
5o03.pdb,0,C,NA,A,7.221848749616356
3ixt.pdb,0,A,B,C,6.617982957425132
1p2c.pdb,0,B,A,C,10.008773924307505
4dkf.pdb,0,I,M,B,8.508638306165727
5m2m.pdb,0,F,NA,A,8.823908740944319
1qfu.pdb,0,H,L,A,8.522878745280337
6ehg.pdb,0,C,NA,B | A,9.619788758288394
5xj3.pdb,0,A,B,C,7.739928612014925
4x7e.pdb,0,D,NA,B,8.154901959985743
5kw9.pdb,0,H,L,A,7.688246138944246
4odx.pdb,0,A,L,Y,8.686132779630846
3vg9.pdb,0,C,B,A,8.356547323513812
6fe4.pdb,0,H,NA,C,8.017728766960431
5sx5.pdb,0,J,K,M,8.939302159646388
4fqr.pdb,0,k,l,K,7.0
5t1m.pdb,0,B,A,,5.823908740944319
4zs6.pdb,0,H,L,A,6.505845405981558
5aaw.pdb,0,A,a,C,8.364516253185087
1bvk.pdb,0,B,A,C,7.853871964321762
3ma9.pdb,0,H,L,A,8.0
4hlz.pdb,0,K,L,F | E,8.698970004336019
3i02.pdb,0,D,C,D,7.522878745280337
4nm8.pdb,0,I,M,D | C,8.602059991327963
4kv5.pdb,0,E,F,C,8.769551078621726
1nbz.pdb,0,B,A,C,5.97469413473523
5t6l.pdb,0,A,B,G,10.54515513999149
1cz8.pdb,0,Y,X,V,9.958607314841775
5hyq.pdb,0,D,C,,6.823908740944319
6a67.pdb,0,H,L,A,8.998266287190999
5w6g.pdb,0,H,L,A,5.673664139071248
5e7f.pdb,0,C,NA,I,8.040958607678906
5ff6.pdb,0,D,C,,5.022276394711152
1kxq.pdb,0,H,NA,A,8.455931955649724
5lhn.pdb,0,B,NA,A,7.950781977329818
6mft.pdb,0,A,B,C,5.638272163982407
6aod.pdb,0,B,A,C,9.790484985457368
5yhl.pdb,0,H,L,A,7.7447274948966935
5tzt.pdb,0,A,B,D,8.542118103266008
3p11.pdb,0,H,L,A,8.593459819566045
6h7n.pdb,0,C,NA,A,8.455931955649724
4jn2.pdb,0,B,A,A,11.67778070526608
5d72.pdb,0,M,N,B,11.221848749616356
1za3.pdb,0,B,A,S,7.468521082957745
1yei.pdb,0,H,L,L,7.455931955649724
2r8s.pdb,0,H,L,R,7.292429823902063
2xtj.pdb,0,D,B,A,8.356547323513812
5hys.pdb,0,E,F,J,10.410050398674292
1qfw.pdb,0,I,M,B,8.0
4k3h.pdb,0,NA,D,D,6.853871964321762
5dfv.pdb,0,C,D,A,9.301029995663981
5y7z.pdb,0,C,NA,A,7.8124792791635365
5t5b.pdb,0,H,L,E,9.910094888560602
5boz.pdb,0,L,NA,F,9.154901959985743
6b3s.pdb,0,H,L,A,7.920818753952375
5xj3.pdb,0,G,H,I,7.739928612014925
5hgg.pdb,0,S,NA,B,10.267606240177031
6axp.pdb,0,D,C,,5.070581074285707
1fsk.pdb,0,I,H,G,9.619788758288394
6bkb.pdb,0,H,L,E,8.823908740944319
3b2u.pdb,0,N,O,M,9.0
5t5f.pdb,0,H,L,A,9.721246399047171
6d6t.pdb,0,J,I,B,8.214670164989233
5kzp.pdb,0,G,K,D,7.154901959985743
2nz9.pdb,0,F,E,B,11.167491087293763
5alc.pdb,0,H,L,L,8.130768280269024
1dee.pdb,0,F,E,H,6.3979400086720375
4wen.pdb,0,B,NA,A,7.0
4fqr.pdb,0,i,j,I,7.0
1etz.pdb,0,H,L,H,7.136677139879544
1oay.pdb,0,NA,O,,5.920818753952375
1tzi.pdb,0,B,A,V,8.0
4kfz.pdb,0,C,NA,A,7.026872146400302
3iu3.pdb,0,H,L,I,9.853871964321762
5whk.pdb,0,H,L,A | B,8.742321425130816
2wuc.pdb,0,H,L,A,6.79317412396815
2aeq.pdb,0,H,L,A,7.920818753952375
5i8c.pdb,0,A,B,C,7.6020599913279625
3iu3.pdb,0,C,D,J,9.853871964321762
5icy.pdb,0,B,A,,5.060480747381382
3rvw.pdb,0,D,C,A,7.721246399047171
6mi2.pdb,0,A,B,C,7.161150909262744
3eba.pdb,0,A,NA,B,8.627087997029893
4m1d.pdb,0,H,L,P,7.638272163982407
3be1.pdb,0,H,L,A,7.585026652029182
5jds.pdb,0,B,NA,A,8.522878745280337
2qr0.pdb,0,N,M,O,8.10790539730952
4wht.pdb,0,X,Y,x,8.102372908709558
2xra.pdb,0,H,L,A,8.481486060122112
5wux.pdb,0,H,L,E,10.562249437179613
4xnm.pdb,0,B,A,D,8.096910013008056
6axk.pdb,0,A,B,E,6.515700160653214
5d1x.pdb,0,B,A,E,10.67778070526608
3ijy.pdb,0,D,C,D,6.040958607678906
4jkp.pdb,0,H,L,G,7.292429823902063
2ny5.pdb,0,H,L,G,6.496209316942819
4zpt.pdb,0,H,L,S,8.003050751504619
2ypv.pdb,0,H,L,A,10.522878745280337
4xgz.pdb,0,S,T,s,7.619788758288394
4etq.pdb,0,A,B,X,9.744727494896694
5vm0.pdb,0,A,NA,A,8.795880017344075
1kxt.pdb,0,D,NA,C,6.628932137728264
3eoa.pdb,0,B,A,J,8.657577319177793
1mfd.pdb,0,H,L,H,5.309803919971486
3ubx.pdb,0,H,L,A,7.598599459218456
3sdy.pdb,0,H,L,B | A,9.0
1i8m.pdb,0,B,A,D,5.568636235841013
1mh5.pdb,0,B,A,B,9.214670164989233
5kzp.pdb,0,E,I,B,7.154901959985743
6azz.pdb,0,F,E,D,8.173925197299173
5ghw.pdb,0,H,L,P,8.017728766960431
3hae.pdb,0,I,G,D | F,7.337242168318426
5bo1.pdb,0,H,L,B,9.102372908709558
3nh7.pdb,0,I,M,B,7.698970004336019
6ejg.pdb,0,D,d,B,9.09151498112135
5kov.pdb,0,Q,q,N,8.7281583934635
6fgb.pdb,0,H,L,A | B,10.229147988357855
2bmk.pdb,0,H,L,,5.619788758288394
2a6d.pdb,0,H,L,,6.823908740944319
4u6v.pdb,0,H,L,A,11.0
5myx.pdb,0,B,A,E,8.164309428507574
5d1x.pdb,0,C,D,E,10.67778070526608
6cdm.pdb,0,A,B,C,9.094204119632131
3i9g.pdb,0,H,L,L,8.958607314841775
4mhj.pdb,0,T,X,M,9.0
5cd5.pdb,0,C,D,A,6.539102157243452
4xh2.pdb,0,J,K,j,8.221848749616356
4dke.pdb,0,H,L,A,9.920818753952375
4k2u.pdb,0,I,M,B,10.8153085691824
4gw5.pdb,0,B,A,,5.455931955649724
2ny7.pdb,0,H,L,G,7.438898616350944
4xgz.pdb,0,E,F,e,7.619788758288394
4z5r.pdb,0,K,J,D,10.744727494896694
3ngb.pdb,0,B,C,A,8.113509274827518
3g6j.pdb,0,H,G,D | C,8.721246399047171
1p2c.pdb,0,E,D,F,10.008773924307505
3bpc.pdb,0,B,A,B,4.795880017344075
3o6l.pdb,0,H,L,C,7.508638306165727
2bjm.pdb,0,H,L,H,3.6989700043360187
2c1p.pdb,0,H,L,H,5.3979400086720375
3b2u.pdb,0,H,L,A,9.0
4zff.pdb,0,H,L,D,8.301029995663981
2ny6.pdb,0,D,C,A,7.732828271596986
5b71.pdb,0,D,C,F,9.818156412055227
4i3r.pdb,0,H,L,G,7.924453038607469
2x89.pdb,0,C,NA,E | G,7.356547323513813
3qxv.pdb,0,B,NA,B,8.397940008672037
2fx8.pdb,0,H,L,P,6.519993057042849
4i18.pdb,0,H,L,C,8.2518119729938
6h06.pdb,0,A,B,K,5.251811972993799
4j4p.pdb,0,H,L,A,7.3979400086720375
5j3h.pdb,0,C,D,E,8.602059991327963
5etu.pdb,0,D,C,,3.886056647693163
2vxt.pdb,0,H,L,I,9.273272790973428
5tru.pdb,0,H,L,C,7.97469413473523
4n9g.pdb,0,M,N,Z,9.48678239993206
4xgz.pdb,0,U,V,u,7.619788758288394
1y0l.pdb,0,F,E,F,9.0
3fku.pdb,0,S,s,J | I,9.886056647693163
4nj9.pdb,0,H,L,H,6.966576244513051
3ijh.pdb,0,D,C,C,4.0
3qxv.pdb,0,D,NA,D,8.397940008672037
1i7z.pdb,0,B,A,A,6.3979400086720375
3uyr.pdb,0,H,L,P,6.896196279044043
3fn0.pdb,0,H,L,P,4.3979400086720375
6df1.pdb,0,H,L,A,6.557520230935552
4xh2.pdb,0,H,L,h,8.221848749616356
2or9.pdb,0,H,L,P,6.301029995663981
6azk.pdb,0,D,C,,5.638272163982407
3ghe.pdb,0,H,L,P,5.886056647693163
4liq.pdb,0,H,L,E,9.698970004336019
4yhm.pdb,0,H,L,H,9.761953896871205
4pgj.pdb,0,C,NA,D,7.585026652029182
4zs7.pdb,0,H,L,A,10.67778070526608
4why.pdb,0,I,J,A,8.102372908709558
5myo.pdb,0,D,C,,10.53313237964589
1axs.pdb,0,B,A,B,7.769551078621726
5bk1.pdb,0,H,L,A,8.958607314841775
4wht.pdb,0,C,D,c,8.102372908709558
4k3h.pdb,0,NA,H,G,6.853871964321762
5hdq.pdb,0,H,L,A,8.920818753952375
6fe4.pdb,0,J,NA,E,8.017728766960431
5xj3.pdb,0,D,E,F,7.739928612014925
5wtt.pdb,0,H,L,P,6.6020599913279625
6h7o.pdb,0,C,NA,A,9.853871964321762
6b0a.pdb,0,H,L,A,8.431798275933005
2xzc.pdb,0,H,L,L,5.638272163982407
2bmk.pdb,0,B,A,,5.619788758288394
3ngb.pdb,0,J,K,I,8.113509274827518
1a4k.pdb,0,H,L,H,8.0
4jlr.pdb,0,H,L,S,10.52432881167557
2j4w.pdb,0,H,L,D,9.221848749616356
5utz.pdb,0,H,L,D,8.726073219899474
3l5y.pdb,0,H,L,A,11.244125144327509
5k59.pdb,0,E,F,B,11.602059991327963
3g6j.pdb,0,F,E,B | A,8.721246399047171
4f9p.pdb,0,C,c,A,7.823908740944319
3hi1.pdb,0,H,L,G,7.950781977329818
5sx4.pdb,0,J,I,M,9.468521082957745
5n88.pdb,0,H,NA,E,5.99439055463972
3qxv.pdb,0,C,NA,C,8.397940008672037
5dfv.pdb,0,E,F,B,9.301029995663981
4o4y.pdb,0,H,L,A,7.809668301829708
5aam.pdb,0,B,b,J,8.42021640338319
3ubx.pdb,0,G,I,D,7.598599459218456
5t1k.pdb,0,D,C,,6.275724130399211
1mj7.pdb,0,H,L,H,8.346787486224656
4m7j.pdb,0,H,L,H,6.1073489661227
4wv1.pdb,0,E,D,F,8.585026652029182
3ifp.pdb,0,A,B,Q,7.610833915635467
5o05.pdb,0,C,NA,B,9.09151498112135
5e7f.pdb,0,A,NA,G,8.040958607678906
4jlr.pdb,0,A,B,C,10.52432881167557
3gkz.pdb,0,a,A,A,8.0
4mhj.pdb,0,R,Q,O,9.0
4hlz.pdb,0,G,H,B | A,8.698970004336019
3ux9.pdb,0,B,b,A,9.126679398184601
5o03.pdb,0,D,NA,B,7.221848749616356
1yy9.pdb,0,D,C,A,8.638272163982407
6mub.pdb,0,H,L,H,7.0
1fsk.pdb,0,L,K,J,9.619788758288394
5kov.pdb,0,U,u,T,8.7281583934635
5d8j.pdb,0,H,L,A,8.749579997691106
5j74.pdb,0,A,a,a,8.721246399047171
3g5v.pdb,0,B,A,C,7.070581074285707
5jyl.pdb,0,D,d,C,8.060480747381382
2j6e.pdb,0,H,L,A,6.221848749616356
1oau.pdb,0,NA,M,,7.698970004336019
3lev.pdb,0,H,L,A,9.221848749616356
4ffy.pdb,0,H,L,A,7.7447274948966935
4qci.pdb,0,H,L,C,10.55284196865778
4wht.pdb,0,O,P,o,8.102372908709558
1kel.pdb,0,H,L,H,7.431798275933005
5dfw.pdb,0,H,h,A,9.301029995663981
5cjq.pdb,0,H,L,B | A,9.301029995663981
6mnf.pdb,0,H,L,,5.886056647693163
5u4m.pdb,0,B,NA,A,9.4089353929735
4i2x.pdb,0,B,A,E,5.920818753952375
5yoy.pdb,0,I,F,A,10.744727494896694
5vpl.pdb,0,D,C,A,7.769551078621726
5itf.pdb,0,B,A,,5.7447274948966935
5tru.pdb,0,h,l,c,7.97469413473523
3wd5.pdb,0,H,L,A,9.939302159646388
6d01.pdb,0,E,F,J,6.543633966870957
2eh8.pdb,0,H,L,P,7.958607314841775
1i7z.pdb,0,D,C,C,6.3979400086720375
4m62.pdb,0,I,M,T,8.590066876668706
4z5r.pdb,0,M,L,E,10.744727494896694
3kdm.pdb,0,B,A,B,7.0
5id1.pdb,0,B,A,,6.251811972993799
3hzy.pdb,0,B,A,A,7.0
4wht.pdb,0,U,V,u,8.102372908709558
3lh2.pdb,0,I,M,T,8.2518119729938
4n8c.pdb,0,I,M,Y,9.397940008672037
3zkq.pdb,0,D,NA,A,8.920818753952375
4hwb.pdb,0,H,L,A,9.244125144327509
3p9w.pdb,0,D,NA,C,7.795880017344075
1nma.pdb,0,H,L,N,7.853871964321762
5m2i.pdb,0,J,NA,E,9.267606240177031
2fx8.pdb,0,K,O,S,6.519993057042849
1oay.pdb,0,H,L,H,5.920818753952375
5te4.pdb,0,H,L,G,8.00436480540245
4xh2.pdb,0,C,D,c,8.221848749616356
2ybr.pdb,0,G,H,I,9.67778070526608
5e08.pdb,0,H,L,N,8.0
2qr0.pdb,0,H,G,J,8.10790539730952
4lu5.pdb,0,I,M,A,10.18111458540599
3hae.pdb,0,T,S,P | R,7.337242168318426
2wub.pdb,0,H,L,A,6.823908740944319
2bdn.pdb,0,H,L,A,11.337242168318426
1fe8.pdb,0,J,N,C,5.698970004336019
4kht.pdb,0,H,L,A,8.366531544420413
4lu5.pdb,0,H,L,B,10.18111458540599
1fsk.pdb,0,F,E,D,9.619788758288394
3q3g.pdb,0,H,F,I,8.303643611266669
4fqr.pdb,0,u,v,U,7.0
2jix.pdb,0,D,G,E,7.522878745280337
5w1m.pdb,0,F,E,Q,7.787812395596042
5do2.pdb,0,H,L,A,6.790484985457369
4z5r.pdb,0,U,T,I,10.744727494896694
2fx7.pdb,0,H,L,P,7.698970004336019
4kxz.pdb,0,H,L,A,8.522878745280337
6azl.pdb,0,B,A,,4.928117992693875
5sv3.pdb,0,C,NA,D,9.202732459169283
2r56.pdb,0,H,L,A,8.886056647693163
6ddv.pdb,0,B,A,C,8.23807216157947
5y80.pdb,0,B,NA,A,8.790484985457368
6flc.pdb,0,B,A,I,6.752763450493236
4xgz.pdb,0,J,K,j,7.619788758288394
4wht.pdb,0,I,J,i,8.102372908709558
2p49.pdb,0,B,NA,A,7.638272163982407
4am0.pdb,0,E,F,Q,9.3767507096021
3r1g.pdb,0,H,L,B,8.886056647693163
3u0t.pdb,0,D,C,E,9.522878745280337
3lrh.pdb,0,NA,E,F,7.346787486224656
5k59.pdb,0,H,L,A,11.602059991327963
5e2w.pdb,0,H,L,P,7.508638306165727
5e2v.pdb,0,H,L,P,6.080398976215889
6cbp.pdb,0,A,a,P,5.154901959985743
1h8s.pdb,0,B,b,,5.812479279163537
6axl.pdb,0,D,C,G,7.107905397309519
1iqd.pdb,0,B,A,C,10.853871964321762
6bli.pdb,0,J,K,L,9.2839966563652
6h0e.pdb,0,E,F,J,6.619788758288394
4qyo.pdb,0,A,B,Q,8.221848749616356
4k2u.pdb,0,H,L,A,10.8153085691824
2vyr.pdb,0,H,NA,D,7.356547323513813
2y6s.pdb,0,H,L,Q,6.987162775294828
6fe4.pdb,0,G,NA,B,8.017728766960431
5otj.pdb,0,H,L,C,9.769551078621726
4m62.pdb,0,H,L,S,8.590066876668706
4krl.pdb,0,B,NA,A,7.327902142064283
2p42.pdb,0,B,NA,A,7.638272163982407
1bj1.pdb,0,K,J,V,8.468521082957745
5w1m.pdb,0,H,G,S,7.787812395596042
5c6t.pdb,0,H,L,A,9.886056647693163
6cdo.pdb,0,A,B,C,8.97469413473523
4g6m.pdb,0,H,L,A,9.537602002101044
4zfo.pdb,0,A,B,F,10.67778070526608
4yho.pdb,0,H,L,H,10.744727494896694
4qy8.pdb,0,A,B,Q,7.1938200260161125
4yhp.pdb,0,C,D,Q,8.698970004336019
5c7x.pdb,0,M,N,B,12.397940008672037
4rgo.pdb,0,H,L,S,8.102372908709558
5do2.pdb,0,C,D,B,6.790484985457369
1bvk.pdb,0,E,D,F,7.853871964321762
4gw1.pdb,0,B,A,,6.366531544420414
4wht.pdb,0,S,T,s,8.102372908709558
3ifo.pdb,0,A,B,Q,7.2636034977233574
4weu.pdb,0,E,NA,A,5.2441251443275085
5iop.pdb,0,D,C,,4.5376020021010435
1yym.pdb,0,H,L,G,5.023191662661934
1oar.pdb,0,J,N,,7.3979400086720375
5sx5.pdb,0,H,L,N,8.939302159646388
5kov.pdb,0,I,i,G,8.7281583934635
4u6h.pdb,0,C,D,J,10.040958607678906
3qwo.pdb,0,A,B,C,7.060480747381382
3iet.pdb,0,D,C,Q,6.853871964321762
1qfw.pdb,0,H,L,A,8.0
4bkl.pdb,0,A,B,E | G | F,6.562249437179612
2nxy.pdb,0,D,C,A,6.102372908709558
2e27.pdb,0,H,L,H,9.346787486224656
3uc0.pdb,0,H,L,A,8.886056647693163
6b0e.pdb,0,B,A,E,7.3872161432802645
1i8m.pdb,0,H,L,T,5.568636235841013
4jfx.pdb,0,H,L,P,6.443697499232712
5d72.pdb,0,H,L,A,11.221848749616356
1tzh.pdb,0,B,A,W,8.744727494896694
5j13.pdb,0,C,B,A,10.221848749616356
5kov.pdb,0,O,o,M,8.7281583934635
5n7w.pdb,0,H,L,X,7.096910013008056
4x7f.pdb,0,C,NA,A,7.552841968657781
3uzv.pdb,0,B,b,A,9.366531544420413
6mft.pdb,0,H,L,G,5.638272163982407
4hs6.pdb,0,B,A,Z,7.522878745280337
5t1k.pdb,0,B,A,,6.275724130399211
2r1x.pdb,0,B,A,B,4.795880017344075
4hix.pdb,0,H,L,A,6.82102305270683
1oau.pdb,0,NA,O,,7.698970004336019
4lqf.pdb,0,H,L,A,10.190440285364732
6b0s.pdb,0,H,L,C,6.749579997691106
5u7m.pdb,0,D,E,B,6.7447274948966935
1ct8.pdb,0,B,A,D,6.522878745280337
6mlk.pdb,0,H,L,A,7.886056647693163
1h8s.pdb,0,A,a,a,5.812479279163537
2ybr.pdb,0,D,E,F,9.67778070526608
5hvf.pdb,0,B,NA,A,10.522878745280337
6f7t.pdb,0,B,A,D,9.443697499232712
2vir.pdb,0,B,A,C,9.0
1tzh.pdb,0,H,L,V,8.744727494896694
5ivn.pdb,0,A,NA,B,8.853871964321762
2i60.pdb,0,R,Q,P,8.204815410317575
2fl5.pdb,0,D,C,D,8.744727494896694
5l6y.pdb,0,H,L,C,10.236572006437063
6ii4.pdb,0,H,L,A,7.779891911959945
2p45.pdb,0,B,NA,A,6.935542010773082
5t1m.pdb,0,D,C,,5.823908740944319
5nmv.pdb,0,H,L,K,9.0
4hjj.pdb,0,NA,L,,9.795880017344075
4kro.pdb,0,D,C,A,6.559090917934782
5xjm.pdb,0,H,L,A,9.366531544420413
2vyr.pdb,0,J,NA,A,7.356547323513813
4xgz.pdb,0,H,L,h,7.619788758288394
5esq.pdb,0,D,C,,5.795880017344075
5gkr.pdb,0,C,D,,8.336299074610352
4xgz.pdb,0,W,X,w,7.619788758288394
6axl.pdb,0,A,B,I,7.107905397309519
5o2u.pdb,0,B,NA,A,9.161150909262744
5hys.pdb,0,H,L,I,10.410050398674292
4cni.pdb,0,H,L,C,11.0
6h0e.pdb,0,H,L,I,6.619788758288394
4n9g.pdb,0,E,F,D,9.48678239993206
4f37.pdb,0,H,L,A,8.259637310505756
5ngv.pdb,0,H,L,A,10.795880017344075
1ri8.pdb,0,A,NA,B,8.537602002101044
5kov.pdb,0,E,e,B,8.7281583934635
2vyr.pdb,0,L,NA,,7.356547323513813
5mzv.pdb,0,D,NA,A,7.443697499232712
2g2r.pdb,0,B,A,A,7.886056647693163
3ux9.pdb,0,D,d,C,9.126679398184601
5th2.pdb,0,D,C,,4.522878745280337
5boz.pdb,0,H,NA,B,9.154901959985743
4ybl.pdb,0,H,L,G,9.769551078621726
6b9j.pdb,0,A,B,Y,9.455931955649724
6d01.pdb,0,A,B,I,6.543633966870957
6d6u.pdb,0,J,I,B,8.214670164989233
3uze.pdb,0,A,a,C,8.096910013008056
4wht.pdb,0,M,N,m,8.102372908709558
5m2m.pdb,0,N,NA,M,8.823908740944319
2r2b.pdb,0,B,A,B,4.200659450546418
3l95.pdb,0,B,A,X,8.602059991327963
3lh2.pdb,0,J,N,U,8.2518119729938
3eob.pdb,0,B,A,J,8.657577319177793
5lcv.pdb,0,H,L,A | B,6.075720713938118
5dyo.pdb,0,A,B,H,10.214670164989233
1yyl.pdb,0,H,L,G,8.397940008672037
4i18.pdb,0,A,B,R,8.2518119729938
3skj.pdb,0,H,L,E,9.09151498112135
5w1m.pdb,0,B,A,R,7.787812395596042
3b2u.pdb,0,C,D,B,9.0
4d9r.pdb,0,E,D,B,11.397940008672037
5fhx.pdb,0,H,NA,A,10.920818753952375
5hpm.pdb,0,B,A,,7.130768280269024
1wej.pdb,0,H,L,F,7.801342913045578
5y11.pdb,0,A,B,C,7.586700235918748
3ikc.pdb,0,D,C,C,7.455931955649724
6bkd.pdb,0,H,L,E,6.94692155651658
5t78.pdb,0,D,C,E,7.366531544420414
6f7t.pdb,0,H,L,C,9.443697499232712
4cni.pdb,0,A,B,D,11.0
5w0k.pdb,0,H,L,A,7.162411561764489
5b71.pdb,0,B,A,E,9.818156412055227
4gqp.pdb,0,h,H,H,9.602059991327963
5id1.pdb,0,D,C,,6.251811972993799
2uzi.pdb,0,H,L,R,8.207608310501746
4hpy.pdb,0,H,L,P,9.920818753952375
5bk1.pdb,0,C,D,B,8.958607314841775
4eig.pdb,0,B,NA,A,9.0
1kxq.pdb,0,E,NA,D,8.455931955649724
4r8w.pdb,0,H,L,B | A,9.73754891026957
6au5.pdb,0,B,A,,5.568636235841013
2y6s.pdb,0,D,C,P,6.987162775294828
6ayn.pdb,0,D,C,,5.036212172654444
4kze.pdb,0,H,L,R,7.6020599913279625
5utz.pdb,0,B,C,A,8.726073219899474
2ny2.pdb,0,D,C,A,6.910094888560602
2r0k.pdb,0,H,L,A,9.221848749616356
4qxt.pdb,0,A,B,Q,7.795880017344075
5d71.pdb,0,H,L,A,10.187086643357144
4fqj.pdb,0,H,L,A,9.045757490560675
4zpt.pdb,0,A,B,R,8.003050751504619
4r3s.pdb,0,A,B,Q,8.221848749616356
1dee.pdb,0,D,C,G,6.3979400086720375
1y0l.pdb,0,B,A,A,9.0
3k2u.pdb,0,H,L,A,9.795880017344075
3a67.pdb,0,H,L,Y,8.250263684430939
3t0x.pdb,0,NA,B,A,8.0
1mfa.pdb,0,H,L,H,5.040958607678906
2b2x.pdb,0,I,M,B,8.76447155309245
5fhx.pdb,0,NA,L,,10.920818753952375
2p4a.pdb,0,B,NA,A,9.744727494896694
4z5r.pdb,0,Q,P,G,10.744727494896694
5kn5.pdb,0,A,B,C,9.991399828238082
5eoc.pdb,0,H,L,P,7.518557371497695
2ybr.pdb,0,A,B,C,9.67778070526608
4lar.pdb,0,H,L,L,4.684029654543083
4hs8.pdb,0,H,L,A,7.920818753952375
4j4p.pdb,0,C,D,B,7.3979400086720375
3qxv.pdb,0,E,NA,E,8.397940008672037
5tkk.pdb,0,H,L,A,8.276544327964814
1fsk.pdb,0,C,B,A,9.619788758288394
4xgz.pdb,0,Q,R,q,7.619788758288394
2iff.pdb,0,H,L,Y,8.0
1yym.pdb,0,R,Q,P,5.023191662661934
4fqv.pdb,0,I,M,F | E,8.958607314841775
4wy7.pdb,0,H,L,P,6.777283528852417
4hs6.pdb,0,H,L,Y,7.522878745280337
2a6d.pdb,0,B,A,P,6.823908740944319
2ntf.pdb,0,B,A,B,6.522878745280337
4w6w.pdb,0,B,NA,A,8.447331783887806
4wem.pdb,0,B,NA,A,5.167491087293763
4mhj.pdb,0,F,E,C,9.0
3g6d.pdb,0,H,L,A,10.735182176990463
3l95.pdb,0,H,L,Y,8.602059991327963
3vw3.pdb,0,H,L,A | B | A,6.657577319177793
6mhr.pdb,0,D,E,F,7.657577319177793
4fqr.pdb,0,o,p,O,7.0
1w72.pdb,0,H,L,A | C,7.853871964321762
1oar.pdb,0,H,L,,7.3979400086720375
1c5c.pdb,0,H,L,L,6.958607314841775
3b2v.pdb,0,H,L,A,8.481486060122112
3v6z.pdb,0,C,D,E,8.481486060122112
4yhz.pdb,0,H,L,P,7.958607314841775
5o0w.pdb,0,E,NA,A,10.131767131577535
3gjf.pdb,0,M,K,D | F,7.200659450546419
5jhl.pdb,0,H,L,A,8.568636235841012
4krp.pdb,0,D,C,A,6.779891911959945
5w08.pdb,0,G,H,A,7.3979400086720375
2hrp.pdb,0,H,L,P,8.301029995663981
1igj.pdb,0,B,A,B,10.379863945026242
4nja.pdb,0,H,L,H,6.221848749616356
4jg1.pdb,0,H,L,P,6.634512015109101
5m2i.pdb,0,H,NA,A,9.267606240177031
1dl7.pdb,0,H,L,L,6.494850021680094
3uze.pdb,0,B,b,D,8.096910013008056
5ip4.pdb,0,B,NA,D,6.345823458122039
4gms.pdb,0,I,M,C,7.698970004336019
6b9j.pdb,0,H,L,X,9.455931955649724
4k94.pdb,0,H,L,C | C,9.200659450546418
5vpg.pdb,0,D,C,A,7.721246399047171
1fl3.pdb,0,H,L,L,6.795880017344075
5nqw.pdb,0,D,NA,A,8.853871964321762
5nh3.pdb,0,H,L,A,9.011887159731648
6azl.pdb,0,D,C,,4.928117992693875
1m7i.pdb,0,B,A,A,5.3979400086720375
3t2n.pdb,0,I,M,B,7.400116927926312
6ejg.pdb,0,C,c,A,9.09151498112135
5cin.pdb,0,H,L,P,7.7447274948966935
3c09.pdb,0,C,B,A,7.366531544420414
5yy4.pdb,0,A,a,B,6.431798275933005
4lmq.pdb,0,H,L,D,9.034798298974088
3q3g.pdb,0,B,A,E,8.303643611266669
3ngb.pdb,0,E,F,D,8.113509274827518
5w08.pdb,0,M,N,F,7.3979400086720375
4rgm.pdb,0,H,L,S,7.640164517660112
5m2m.pdb,0,D,NA,B,8.823908740944319
2p46.pdb,0,D,NA,C,6.935542010773082
1sm3.pdb,0,H,L,P,4.619788758288394
1yej.pdb,0,H,L,L,7.455931955649724
5c0n.pdb,0,H,L,A,5.384049948343599
4gms.pdb,0,H,L,A,7.698970004336019
5w08.pdb,0,Q,R,D,7.3979400086720375
5zia.pdb,0,H,I,J,6.522878745280337
1gaf.pdb,0,H,L,H,8.0
5myx.pdb,0,D,C,F,8.164309428507574
3bgf.pdb,0,B,C,A,7.585026652029182
4mhh.pdb,0,J,K,A,9.045757490560675
6axp.pdb,0,B,A,,5.070581074285707
5e8e.pdb,0,B,A,H,8.744727494896694
5dd0.pdb,0,H,L,P,7.07727454200674
5aaw.pdb,0,F,f,G,8.364516253185087
3p9w.pdb,0,B,NA,A,7.795880017344075
4xgz.pdb,0,M,N,m,7.619788758288394
6ddm.pdb,0,B,A,C,9.3767507096021
6d01.pdb,0,C,D,I,6.543633966870957
4n9g.pdb,0,A,B,C,9.48678239993206
3u0t.pdb,0,B,A,F,9.522878745280337
3wih.pdb,0,H,L,A,7.721246399047171
1mhh.pdb,0,B,A,,9.0
3lrh.pdb,0,NA,M,N,7.346787486224656
4k3h.pdb,0,NA,A,A,6.853871964321762
1ob1.pdb,0,E,D,F,9.698970004336019
2fr4.pdb,0,B,A,M,5.3979400086720375
6mu3.pdb,0,M,K,M,6.154901959985743
4rdq.pdb,0,K,J,B,7.823908740944319
4xh2.pdb,0,A,B,a,8.221848749616356
3rkd.pdb,0,H,L,A,8.229884705212898
5th2.pdb,0,B,A,,4.522878745280337
4am0.pdb,0,A,B,S,9.3767507096021
2vwe.pdb,0,L,J,B,9.943095148663527
5m2i.pdb,0,G,NA,B,9.267606240177031
4k3h.pdb,0,NA,G,G,6.853871964321762
5vag.pdb,0,C,B,A,8.0268721464003
5u7m.pdb,0,H,L,G,6.7447274948966935
5o05.pdb,0,D,NA,A,9.09151498112135
5sv3.pdb,0,A,NA,B,9.202732459169283
5tkj.pdb,0,D,E,F,8.145693958198919
5cil.pdb,0,H,L,P,7.3872161432802645
4r2g.pdb,0,J,I,K,7.468521082957745
6d6t.pdb,0,K,L,D,8.214670164989233
2p4a.pdb,0,D,NA,C,9.744727494896694
5d1q.pdb,0,C,D,E,10.886056647693163
1mpa.pdb,0,H,L,P,8.040958607678906
6cwt.pdb,0,A,B,E,11.698970004336019
3l5w.pdb,0,H,L,I,10.267606240177031
5myo.pdb,0,B,A,E,10.53313237964589
6b5t.pdb,0,H,L,A,8.655607726314889
4qci.pdb,0,B,A,D,10.55284196865778
4dtg.pdb,0,H,L,K,10.136677139879545
4np4.pdb,0,H,L,A,10.721246399047171
3ogo.pdb,0,H,NA,B,8.853871964321762
5n7w.pdb,0,A,B,Y,7.096910013008056
1mjj.pdb,0,B,A,A,8.73754891026957
4aei.pdb,0,J,N,C,9.096910013008056
4wht.pdb,0,E,F,e,8.102372908709558
5fv2.pdb,0,C,NA,W,11.1444808443322
6azz.pdb,0,C,B,A,8.173925197299173
5t78.pdb,0,B,A,F,7.366531544420414
2nz9.pdb,0,D,C,A,11.167491087293763
3p9w.pdb,0,H,NA,G,7.795880017344075
4y8d.pdb,0,C,NA,A,8.050609993355087
3bdy.pdb,0,H,L,V,6.522878745280337
3lh2.pdb,0,H,L,S,8.2518119729938
4eiz.pdb,0,D,NA,A,8.522878745280337
3fku.pdb,0,Y,y,B | A,9.886056647693163
1f4y.pdb,0,H,L,H,6.079354998593212
4m8q.pdb,0,H,L,C,8.402304814074487
4fab.pdb,0,H,L,H,8.079354998593212
6bit.pdb,0,I,K,H,8.585026652029182
1fe8.pdb,0,I,M,B,5.698970004336019
1oay.pdb,0,NA,M,,5.920818753952375
4d9q.pdb,0,E,D,B,10.522878745280337
1dzb.pdb,0,B,b,Y,6.2839966563652006
3bky.pdb,0,H,L,P,6.361510743045363
1y0l.pdb,0,D,C,D,9.0
4n9g.pdb,0,H,L,Y,9.48678239993206
3ogo.pdb,0,F,NA,C,8.853871964321762
5id0.pdb,0,B,A,,5.769551078621726
3a6b.pdb,0,H,L,Y,6.966576244513051
4k24.pdb,0,H,L,U,6.267606240177032
3lrh.pdb,0,NA,K,L,7.346787486224656
3hi1.pdb,0,B,A,J,7.950781977329818
6msy.pdb,0,H,L,H,7.0
3uzq.pdb,0,A,a,B,10.086186147616283
2fx9.pdb,0,I,M,Q,7.769551078621726
5a2k.pdb,0,H,h,P,6.346787486224656
4fqv.pdb,0,H,L,B | A,8.958607314841775
5anm.pdb,0,B,A,G,11.709965388637482
5boz.pdb,0,K,NA,E,9.154901959985743
4z5r.pdb,0,S,R,H,10.744727494896694
2vyr.pdb,0,F,NA,B,7.356547323513813
5zia.pdb,0,K,M,N,6.522878745280337
2ny4.pdb,0,D,C,A,6.354577730650908
3wih.pdb,0,I,M,B,7.721246399047171
4uu9.pdb,0,A,B,C,10.853871964321762
5t6p.pdb,0,B,A,F,6.055517327849832
3ggw.pdb,0,D,C,F,5.5376020021010435
4w6y.pdb,0,B,NA,A,8.801342913045577
2dd8.pdb,0,H,L,S,7.698970004336019
5m2i.pdb,0,K,NA,D,9.267606240177031
6eyo.pdb,0,I,M,B,10.698970004336019
5icz.pdb,0,D,C,,5.301029995663981
6ii8.pdb,0,G,I,A,6.413412695328245
5hvg.pdb,0,D,NA,C,9.200659450546418
6cdm.pdb,0,D,E,F,9.094204119632131
3ru8.pdb,0,H,L,X,7.474955192963154
5kvg.pdb,0,H,L,E,8.05551732784983
6bli.pdb,0,G,H,I,9.2839966563652
6flc.pdb,0,H,L,G,6.752763450493236
5icx.pdb,0,D,C,,6.958607314841775
4np4.pdb,0,I,M,A,10.721246399047171
3ifo.pdb,0,H,L,P,7.2636034977233574
2qr0.pdb,0,X,W,V,8.10790539730952
5icz.pdb,0,B,A,,5.301029995663981
5ff6.pdb,0,B,A,,5.022276394711152
1cz8.pdb,0,H,L,W,9.958607314841775
3qxv.pdb,0,A,NA,A,8.397940008672037
5w0k.pdb,0,E,F,C,7.162411561764489
2h9g.pdb,0,B,A,R,8.301029995663981
4fqr.pdb,0,c,d,C,7.0
5yoy.pdb,0,G,D,B,10.744727494896694
4xgz.pdb,0,O,P,o,7.619788758288394
5w06.pdb,0,H,L,T,9.853871964321762
4yhp.pdb,0,A,B,,8.698970004336019
5ies.pdb,0,H,L,C,6.434152181326483
4why.pdb,0,G,H,D,8.102372908709558
3ogo.pdb,0,E,NA,A,8.853871964321762
5itf.pdb,0,D,C,,5.7447274948966935
4wht.pdb,0,K,L,k,8.102372908709558
4ffz.pdb,0,Z,Y,X,6.380906669373258
6df2.pdb,0,B,A,C,7.242603971206976
5m2j.pdb,0,D,NA,A,9.886056647693163
5bvp.pdb,0,H,L,I,10.515700160653214
1oau.pdb,0,I,NA,,7.698970004336019
4al8.pdb,0,H,L,C,9.346787486224656
4r2g.pdb,0,D,C,O,7.468521082957745
5kov.pdb,0,W,w,S,8.7281583934635
4y8d.pdb,0,D,NA,B,8.050609993355087
2fl5.pdb,0,B,A,B,8.744727494896694
3hzk.pdb,0,B,A,B,6.698970004336019
4kxz.pdb,0,J,I,B,8.522878745280337
5jq6.pdb,0,H,L,A,9.102372908709558
1uwx.pdb,0,M,K,Q,5.795880017344075
3qsk.pdb,0,B,NA,A,7.0
2jb5.pdb,0,H,L,H,9.221848749616356
5w42.pdb,0,H,L,A,7.3535962737769305
4weu.pdb,0,D,NA,B,5.2441251443275085
5u7o.pdb,0,D,E,B,7.136677139879544
3fku.pdb,0,Z,z,D | C,9.886056647693163
2p44.pdb,0,B,NA,A,7.698970004336019
1axs.pdb,0,H,L,H,7.769551078621726
6ii4.pdb,0,E,F,C,7.779891911959945
3pp4.pdb,0,H,L,P,5.154901959985743
5m2m.pdb,0,E,NA,C,8.823908740944319
5etu.pdb,0,B,A,,3.886056647693163
4hj0.pdb,0,P,Q,A,7.638272163982407
2p43.pdb,0,B,NA,A,7.638272163982407
6ani.pdb,0,H,L,,8.10790539730952
3hzv.pdb,0,B,A,A,6.522878745280337
4d9q.pdb,0,H,L,A,10.522878745280337
5jyl.pdb,0,B,b,A,8.060480747381382
4f37.pdb,0,F,K,B,8.259637310505756
4r2g.pdb,0,Q,P,E,7.468521082957745
2y36.pdb,0,H,L,P,6.42021640338319
4why.pdb,0,K,L,C,8.102372908709558
2p47.pdb,0,B,NA,A,6.935542010773082
3iet.pdb,0,B,A,X,6.853871964321762
1yyl.pdb,0,R,Q,P,8.397940008672037
4fqr.pdb,0,g,h,G,7.0
3b2u.pdb,0,J,K,I,9.0
4uu9.pdb,0,H,L,D,10.853871964321762
6e62.pdb,0,B,C,A,8.494850021680094
6b5o.pdb,0,H,L,A,8.331614083309999
5xmh.pdb,0,D,C,B,3.7958800173440754
2cgr.pdb,0,H,L,H,7.275724130399211
5otj.pdb,0,B,A,D,9.769551078621726
2hrp.pdb,0,N,M,Q,8.301029995663981
6bkc.pdb,0,H,L,E,9.096910013008056
5f3b.pdb,0,A,B,C,11.522878745280337
2i5y.pdb,0,H,L,G,8.568636235841012
1a4k.pdb,0,B,A,B,8.0
5imk.pdb,0,B,NA,A,6.070581074285707
4wht.pdb,0,Q,R,q,8.102372908709558
5utz.pdb,0,J,K,I,8.726073219899474
1oar.pdb,0,K,O,K,7.3979400086720375
3ngb.pdb,0,H,L,G,8.113509274827518
4ffz.pdb,0,H,L,A,6.380906669373258
4xh2.pdb,0,E,F,e,8.221848749616356
6h0e.pdb,0,A,B,K,6.619788758288394
1uz8.pdb,0,H,L,H,4.958607314841775
3v6z.pdb,0,A,B,F,8.481486060122112
4rgm.pdb,0,C,B,A,7.640164517660112
3rvv.pdb,0,D,C,A,7.769551078621726
5te7.pdb,0,H,L,G,8.55129368009492
3b2u.pdb,0,W,X,V,9.0
4gw5.pdb,0,D,C,,5.455931955649724
5yoy.pdb,0,R,O,J,10.744727494896694
3skj.pdb,0,I,M,F,9.09151498112135
5m2i.pdb,0,L,NA,F,9.267606240177031
4xnm.pdb,0,H,L,C,8.096910013008056
5m2i.pdb,0,I,NA,C,9.267606240177031
5t6l.pdb,0,H,L,I,10.54515513999149
5m63.pdb,0,M,N,N,6.958607314841775
4yk4.pdb,0,Z,Y,E,6.438898616350944
5aam.pdb,0,A,a,C,8.42021640338319
1eo8.pdb,0,H,L,A,8.050609993355087
4k3j.pdb,0,H,L,B,8.920818753952375
3mj9.pdb,0,H,L,A,8.114073660198569
1uz8.pdb,0,B,A,H,4.958607314841775
4uin.pdb,0,H,L,H,7.619788758288394
6ejm.pdb,0,I,i,A,9.065501548756432
5ikc.pdb,0,H,L,N,7.568636235841013
1oar.pdb,0,I,M,I,7.3979400086720375
4od2.pdb,0,B,A,S,9.036212172654444
5hys.pdb,0,C,D,K,10.410050398674292
3q1s.pdb,0,H,L,I,7.136677139879544
5d70.pdb,0,H,L,A,8.698970004336019
5hpm.pdb,0,D,C,,7.130768280269024
2p48.pdb,0,B,NA,A,6.935542010773082
4zfg.pdb,0,H,L,A,8.301029995663981
5dmj.pdb,0,B,NA,A,8.275724130399212
5vyf.pdb,0,H,L,F,9.7281583934635
4rdq.pdb,0,I,H,A,7.823908740944319
5sy8.pdb,0,H,L,O,10.950781977329818
3idx.pdb,0,H,L,G,8.393618634889394
4ps4.pdb,0,H,L,A,11.244125144327509
1ct8.pdb,0,D,C,D,6.522878745280337
5kvd.pdb,0,H,L,E,6.575118363368933
2x89.pdb,0,B,NA,F,7.356547323513813
6d6u.pdb,0,K,L,D,8.214670164989233
6ejm.pdb,0,H,h,B,9.065501548756432
6ejm.pdb,0,H,h,B,9.065501548756432
